{
	"name": "RQ7",
	"title": "Runequest 7th edition (Unofficial)",
	"description": "Runequest 7th edition (Unofficial) for FoundryVTT",
	"version": "0.0.1",
	"author": "PhilippeK",
	"minimumCoreVersion": "0.7.0",
	"compatibleCoreVersion": "0.7.9",
	"esmodules": [
		"module/rq7.js",
	],
	"templateVersion": 1,
	"styles": [],
	"packs": [],
	"languages": [
		{
		  "lang": "en",
		  "name": "English",
		  "path": "lang/en.json"
		},
		{
			"lang": "fr",
			"name": "Français",
			"path": "lang/fr.json"
		}
	  ],
	"socket": true,
	"gridDistance": 1,
	"gridUnits": "m",
	"primaryTokenAttribute": "Hit Points",
	"secondaryTokenAttribute": "Magic Points",
	"url": "https://github.com/PhilippeKr/RQ7/",
	"manifest": "https://github.com/HavlockV/CoC7-FoundryVTT/raw/master/system.json",
	"download": "https://github.com/HavlockV/CoC7-FoundryVTT/archive/0.5.0.zip"
}
  
